variant,seq_len,batch,ms_per_tok,tok_per_s,kv_MB,state_KB
all-attn (4/4),512,1,19.707775625079194,50.74139360138882,2.12890625,0.0
all-attn (4/4),512,16,1.687596593797025,9480.938785258293,2.12890625,0.0
all-attn (4/4),2048,1,18.25277450006979,54.78619154562921,8.12890625,0.0
all-attn (4/4),2048,16,2.352552031311461,6801.124815539399,8.12890625,0.0
all-attn (4/4),8192,1,19.47075753128047,51.35907005125323,32.12890625,0.0
all-attn (4/4),8192,16,5.4082529687775605,2958.4414953164655,32.12890625,0.0
all-attn (4/4),32768,1,22.669905718771588,44.11134357616494,128.12890625,0.0
all-attn (4/4),32768,16,18.905001656321474,846.3368737473717,128.12890625,0.0
hybrid (3/4),512,1,19.57528465618452,51.08482546045964,1.5966796875,16.5
hybrid (3/4),512,16,1.5443630312574896,10360.258356464336,1.5966796875,264.0
hybrid (3/4),2048,1,19.38961075006773,51.574011097489766,6.0966796875,16.5
hybrid (3/4),2048,16,1.9801155312961782,8080.336600120723,6.0966796875,264.0
hybrid (3/4),8192,1,18.53198871879158,53.96074944649584,24.0966796875,16.5
hybrid (3/4),8192,16,4.5626696249883025,3506.718941992435,24.0966796875,264.0
hybrid (3/4),32768,1,23.175840531166614,43.14838111934758,96.0966796875,16.5
hybrid (3/4),32768,16,14.149696093795683,1130.7663354703168,96.0966796875,264.0
all-linear (0/4),512,1,19.9612951250856,50.09694980879713,0.0,66.0
all-linear (0/4),512,16,1.5791841874488455,10131.813709360795,0.0,1056.0
all-linear (0/4),2048,1,19.303328031242017,51.80453849105821,0.0,66.0
all-linear (0/4),2048,16,1.5285362499071198,10467.530620207552,0.0,1056.0
all-linear (0/4),8192,1,19.401455874913154,51.54252373880041,0.0,66.0
all-linear (0/4),8192,16,1.5551747187600995,10288.233088534505,0.0,1056.0
all-linear (0/4),32768,1,19.180183437470077,52.137144739002714,0.0,66.0
all-linear (0/4),32768,16,1.574507656187052,10161.906763125447,0.0,1056.0
