variant,seq_len,batch,ms_per_tok,tok_per_s,kv_MB,state_KB,total_MB
all-attn (4/4),32768,1,0.8079174582841612,1237.7502054774009,128.09765625,0.0,128.09765625
all-attn (4/4),32768,4,0.8362949583897716,4783.001451666915,128.09765625,0.0,128.09765625
all-attn (4/4),131072,1,1.1383870416163215,878.4358600745887,512.09765625,0.0,512.09765625
all-attn (4/4),131072,4,2.1154048749849608,1890.8909813439082,512.09765625,0.0,512.09765625
all-attn (4/4),524288,1,3.693602416660724,270.73839769253516,2048.09765625,0.0,2048.09765625
all-attn (4/4),524288,4,7.6683144584421825,521.6270174727028,2048.09765625,0.0,2048.09765625
all-attn (4/4),1048576,1,7.131630541607592,140.2203877732823,4096.09765625,0.0,4096.09765625
all-attn (4/4),1048576,4,15.235170666680157,262.5503899833651,4096.09765625,0.0,4096.09765625
hybrid (3/4),32768,1,0.9115617082594932,1097.0184365349967,96.0732421875,16.5,96.08935546875
hybrid (3/4),32768,4,0.8759452499968271,4566.495451644368,96.0732421875,66.0,96.1376953125
hybrid (3/4),131072,1,0.9271969584006001,1078.5195000261692,384.0732421875,16.5,384.08935546875
hybrid (3/4),131072,4,1.6579204999895107,2412.6609207288934,384.0732421875,66.0,384.1376953125
hybrid (3/4),524288,1,2.840556458371187,352.0436980060637,1536.0732421875,16.5,1536.08935546875
hybrid (3/4),524288,4,5.827032166659289,686.4557952651994,1536.0732421875,66.0,1536.1376953125
hybrid (3/4),1048576,1,5.394166166752257,185.38546442333356,3072.0732421875,16.5,3072.08935546875
hybrid (3/4),1048576,4,11.506878124995032,347.61817728053217,3072.0732421875,66.0,3072.1376953125
all-linear (0/4),32768,1,0.9913863333774013,1008.6885065212208,0.0,66.0,0.064453125
all-linear (0/4),32768,4,0.9544824583826994,4190.752763311865,0.0,264.0,0.2578125
all-linear (0/4),131072,1,0.9858462500839476,1014.356954661893,0.0,66.0,0.064453125
all-linear (0/4),131072,4,1.0014710416423138,3994.1244765703805,0.0,264.0,0.2578125
all-linear (0/4),524288,1,0.941245833322076,1062.4217017466674,0.0,66.0,0.064453125
all-linear (0/4),524288,4,0.9529252500518245,4197.601018319602,0.0,264.0,0.2578125
all-linear (0/4),1048576,1,0.9463468333403094,1056.6950348111923,0.0,66.0,0.064453125
all-linear (0/4),1048576,4,0.9494550833248164,4212.942845060915,0.0,264.0,0.2578125
