variant,seed,val_loss,perplexity,ngram4_diversity,train_s
all_attn_4of4,0,1.5307529792189598,4.621655523006763,0.9166666666666666,8.306274261998624
all_attn_4of4,1,1.5307521149516106,4.621651528662521,0.9411764705882353,7.490041779001331
all_attn_4of4,2,1.5284691974520683,4.611112713710596,0.9705882352941176,7.320719049002946
all_attn_4of4,3,1.552650861442089,4.723976205777266,0.9117647058823529,7.304767139001342
all_attn_4of4,4,1.53299530595541,4.632030412351443,0.9656862745098039,7.181248131000757
hybrid_3of4,0,1.531447283923626,4.6248654743929585,0.9607843137254902,10.953930272000434
hybrid_3of4,1,1.5331881642341614,4.632923823912032,0.9558823529411765,11.115334641999652
hybrid_3of4,2,1.5289772897958755,4.613456180075108,0.9215686274509803,11.102238114999636
hybrid_3of4,3,1.5640011057257652,4.7778999345440685,0.9705882352941176,11.132795980000083
hybrid_3of4,4,1.543770208954811,4.682209945053604,0.9705882352941176,10.977580391998345
all_linear_0of4,0,1.7886595949530602,5.981429552247287,0.9509803921568627,21.563964576998842
all_linear_0of4,1,1.7696644514799118,5.868883735696507,0.9901960784313726,21.49091304600006
all_linear_0of4,2,1.8109173104166985,6.116055180940813,0.8627450980392157,21.69284954899922
all_linear_0of4,3,1.8363286703824997,6.273463976191418,0.9117647058823529,22.236001306999242
all_linear_0of4,4,1.8100988864898682,6.111051702805312,0.9215686274509803,22.670824373999494
