variant,seed,final_loss,train_s,acc_N8,acc_N16,acc_N32,acc_N64
std,0,0.5792874097824097,28.183799685997656,0.796142578125,0.46875,0.20587158203125,0.099700927734375
std,1,0.43144625425338745,27.720797989000857,0.834716796875,0.505126953125,0.22198486328125,0.105560302734375
std,2,0.43799901008605957,27.613339407998865,0.854248046875,0.5191650390625,0.23529052734375,0.112884521484375
std,3,0.41315916180610657,27.549219389002246,0.836181640625,0.52099609375,0.23077392578125,0.108001708984375
std,4,0.42624449729919434,27.530553498996596,0.846435546875,0.5167236328125,0.235107421875,0.108978271484375
linear_elu_M32,0,2.025146245956421,32.058213035001245,0.176025390625,0.1221923828125,0.07745361328125,0.05267333984375
linear_elu_M32,1,2.027594566345215,32.143793442999595,0.169677734375,0.1221923828125,0.07672119140625,0.0509033203125
linear_elu_M32,2,2.016587734222412,31.89173944399954,0.16357421875,0.1207275390625,0.07781982421875,0.052337646484375
linear_elu_M32,3,2.0230770111083984,31.834433226998954,0.1640625,0.12255859375,0.07720947265625,0.04901123046875
linear_elu_M32,4,2.0341737270355225,32.12091654100004,0.17138671875,0.12158203125,0.0792236328125,0.052154541015625
linear_elu_M256,0,2.026139259338379,33.66941508399759,0.173583984375,0.1231689453125,0.07550048828125,0.048736572265625
linear_elu_M256,1,2.017770528793335,33.214078752000205,0.17138671875,0.1236572265625,0.0758056640625,0.050506591796875
linear_elu_M256,2,2.020479917526245,33.10124157699829,0.169921875,0.121826171875,0.079345703125,0.055694580078125
linear_elu_M256,3,2.011408805847168,32.80676223200135,0.169921875,0.121826171875,0.0823974609375,0.054901123046875
linear_elu_M256,4,2.0429494380950928,32.887727609999274,0.16845703125,0.11865234375,0.076416015625,0.051605224609375
linear_relu_M32,0,2.0193941593170166,31.454575908999686,0.17431640625,0.1207275390625,0.07666015625,0.051605224609375
linear_relu_M32,1,2.029304265975952,31.234447095001087,0.166748046875,0.119140625,0.07080078125,0.045623779296875
linear_relu_M32,2,2.021711826324463,31.527464075999887,0.16943359375,0.1204833984375,0.0751953125,0.0511474609375
linear_relu_M32,3,2.016517162322998,31.807833891001792,0.16748046875,0.1190185546875,0.06781005859375,0.0413818359375
linear_relu_M32,4,2.032088279724121,32.16343738700016,0.166015625,0.1199951171875,0.07501220703125,0.052520751953125
linear_identity_M32,0,4.1583170890808105,31.53040908500043,0.01904296875,0.016845703125,0.01556396484375,0.01519775390625
linear_identity_M32,1,4.077339172363281,31.06023225899844,0.035400390625,0.02880859375,0.02276611328125,0.019622802734375
linear_identity_M32,2,4.070690631866455,31.3833525379996,0.038330078125,0.0299072265625,0.0233154296875,0.0189208984375
linear_identity_M32,3,4.10152006149292,31.087010858998838,0.029296875,0.02392578125,0.01861572265625,0.019561767578125
linear_identity_M32,4,4.158267021179199,31.345774664998316,0.01708984375,0.0174560546875,0.015625,0.016815185546875
delta_rule,0,2.017742156982422,104.81351792699934,0.16552734375,0.11279296875,0.06005859375,0.03765869140625
delta_rule,1,2.0144453048706055,106.86855414300226,0.168701171875,0.1090087890625,0.051025390625,0.0289306640625
delta_rule,2,2.013641357421875,108.17275317099848,0.170166015625,0.10791015625,0.05572509765625,0.033660888671875
delta_rule,3,2.007112503051758,108.69849215200156,0.168212890625,0.111083984375,0.0595703125,0.036407470703125
delta_rule,4,2.0371851921081543,106.85901712499981,0.1669921875,0.1099853515625,0.05902099609375,0.031158447265625
