config,n_attn,layers,seed,final_loss,train_s,acc_N8,acc_N16,acc_N32
attn_0of4,0,4,0,2.025146245956421,32.8714820339992,0.176025390625,0.1221923828125,0.07745361328125
attn_0of4,0,4,1,2.027594566345215,32.11016922800263,0.169677734375,0.1221923828125,0.07672119140625
attn_0of4,0,4,2,2.016587734222412,32.116408376001345,0.16357421875,0.1207275390625,0.07781982421875
attn_0of4,0,4,3,2.0230770111083984,32.04665607499919,0.1640625,0.12255859375,0.07720947265625
attn_0of4,0,4,4,2.0341737270355225,31.997342319999007,0.17138671875,0.12158203125,0.0792236328125
attn_1of4_first,1,4,0,1.605416178703308,30.967477924001287,0.413330078125,0.2132568359375,0.109130859375
attn_1of4_first,1,4,1,1.8727049827575684,31.20260045000032,0.25048828125,0.136474609375,0.079833984375
attn_1of4_first,1,4,2,1.682629108428955,31.31152866600314,0.34130859375,0.1705322265625,0.09332275390625
attn_1of4_first,1,4,3,1.8507908582687378,31.381896555998537,0.253173828125,0.14404296875,0.0826416015625
attn_1of4_first,1,4,4,2.034616470336914,31.328438011998514,0.164306640625,0.1170654296875,0.07135009765625
attn_1of4_last,1,4,0,2.028876304626465,31.406645646999095,0.17041015625,0.1116943359375,0.06317138671875
attn_1of4_last,1,4,1,2.0274486541748047,31.355091579000145,0.16748046875,0.1156005859375,0.06085205078125
attn_1of4_last,1,4,2,2.019188404083252,31.441587254998012,0.165771484375,0.1171875,0.06256103515625
attn_1of4_last,1,4,3,2.0223119258880615,31.390831153999898,0.169677734375,0.115966796875,0.0574951171875
attn_1of4_last,1,4,4,2.034801721572876,31.276486417998967,0.167236328125,0.1158447265625,0.05859375
attn_2of4,2,4,0,1.8566410541534424,30.31517719200201,0.257080078125,0.1439208984375,0.0787353515625
attn_2of4,2,4,1,1.9735047817230225,30.4996885119981,0.20654296875,0.1219482421875,0.0643310546875
attn_2of4,2,4,2,1.8470951318740845,30.382015180999588,0.253173828125,0.1334228515625,0.07550048828125
attn_2of4,2,4,3,1.9658737182617188,30.502318241997273,0.204833984375,0.1192626953125,0.06500244140625
attn_2of4,2,4,4,2.0380825996398926,30.261106813999504,0.168212890625,0.1104736328125,0.06292724609375
attn_3of4,3,4,0,0.5378425717353821,29.404369675001362,0.835693359375,0.492431640625,0.23321533203125
attn_3of4,3,4,1,0.45413076877593994,29.22018703199865,0.8427734375,0.5028076171875,0.2435302734375
attn_3of4,3,4,2,0.3418310582637787,29.263854189000995,0.89501953125,0.558837890625,0.2667236328125
attn_3of4,3,4,3,0.38105785846710205,29.34000852999816,0.85107421875,0.5255126953125,0.24652099609375
attn_3of4,3,4,4,0.36977434158325195,29.170933610002976,0.86474609375,0.5374755859375,0.2562255859375
attn_4of4,4,4,0,0.5792874097824097,27.882196807000582,0.796142578125,0.46875,0.20587158203125
attn_4of4,4,4,1,0.43144625425338745,27.8092060759991,0.834716796875,0.505126953125,0.22198486328125
attn_4of4,4,4,2,0.43799901008605957,27.995726458000718,0.854248046875,0.5191650390625,0.23529052734375
attn_4of4,4,4,3,0.41315916180610657,27.77120816599927,0.836181640625,0.52099609375,0.23077392578125
attn_4of4,4,4,4,0.42624449729919434,27.726139324000542,0.846435546875,0.5167236328125,0.235107421875
