variant,seed,final_loss,train_s,acc_N8,acc_N16,acc_N32
std,0,0.5792874097824097,29.446591036999962,0.796142578125,0.46875,0.20587158203125
std,1,0.43144625425338745,28.76039739299995,0.834716796875,0.505126953125,0.22198486328125
std,2,0.43799901008605957,28.769932132000122,0.854248046875,0.5191650390625,0.23529052734375
swa_w16,0,2.088745594024658,29.01555085000018,0.1533203125,0.0804443359375,0.0428466796875
swa_w16,1,2.081904888153076,29.109717991000025,0.140380859375,0.0828857421875,0.04229736328125
swa_w16,2,2.093502998352051,28.89544120200003,0.12939453125,0.080810546875,0.04193115234375
swa_w64,0,0.5792874097824097,29.09589956500008,0.796142578125,0.46875,0.10174560546875
swa_w64,1,0.43144625425338745,28.937106821999805,0.834716796875,0.505126953125,0.1046142578125
swa_w64,2,0.43799901008605957,28.866226189999907,0.854248046875,0.5191650390625,0.11627197265625
based_w16,0,2.035773277282715,110.43312232300013,0.1669921875,0.10205078125,0.06195068359375
based_w16,1,2.0300142765045166,110.58402328599982,0.1591796875,0.105712890625,0.06182861328125
based_w16,2,2.0248866081237793,109.37376009199988,0.156005859375,0.1029052734375,0.058349609375
based_w64,0,0.5771745443344116,109.61165451299985,0.783447265625,0.4705810546875,0.1217041015625
based_w64,1,1.0510296821594238,110.46141662699983,0.612060546875,0.33349609375,0.08953857421875
based_w64,2,0.5919442176818848,110.47205781299999,0.794189453125,0.4755859375,0.12847900390625
