kind,d_in,M,N,fidelity
vector,1024,1024,1,0.5547475417455038
vector,1024,1024,2,0.5049950083096822
vector,1024,1024,4,0.40649468700091046
vector,1024,1024,8,0.3177015284697215
vector,1024,1024,16,0.23057912290096283
vector,1024,1024,32,0.16981485982735953
vector,1024,1024,64,0.12331162144740422
vector,1024,1024,128,0.08654675881067912
vector,1024,1024,256,0.06204944228132566
vector,1024,1024,512,0.043851979076862335
vector,8192,8192,1,0.5819733937581381
vector,8192,8192,2,0.49773159623146057
vector,8192,8192,4,0.40641404191652936
vector,8192,8192,8,0.3167945643266042
vector,8192,8192,16,0.23584820330142975
vector,8192,8192,32,0.1722371131181717
vector,8192,8192,64,0.1223203216989835
vector,8192,8192,128,0.08811953663825989
vector,8192,8192,256,0.0622295414408048
vector,8192,8192,512,0.044547765205303826
vector,32768,32768,1,0.5762034257253011
vector,32768,32768,2,0.5002598563830057
vector,32768,32768,4,0.4103452463944753
vector,32768,32768,8,0.31538591782251996
vector,32768,32768,16,0.23538504044214884
vector,32768,32768,32,0.17080260813236237
vector,32768,32768,64,0.12252390384674072
vector,32768,32768,128,0.08777262270450592
vector,32768,32768,256,0.062347223361333214
vector,32768,32768,512,0.04416921238104502
matrix,32,32,1,1.00000003973643
matrix,32,32,2,0.9797366857528687
matrix,32,32,4,0.924361785252889
matrix,32,32,8,0.9140171806017557
matrix,32,32,16,0.8315014044443766
matrix,32,32,32,0.7052144805590311
matrix,32,32,64,0.5749313235282898
matrix,32,32,128,0.4527257482210795
matrix,32,32,256,0.33428387840588886
matrix,32,32,512,0.2396594136953354
matrix,64,64,1,1.00000003973643
matrix,64,64,2,0.9918005267779032
matrix,64,64,4,0.9818004369735718
matrix,64,64,8,0.959680994351705
matrix,64,64,16,0.9024712244669596
matrix,64,64,32,0.827722986539205
matrix,64,64,64,0.7130710283915201
matrix,64,64,128,0.5747268795967102
matrix,64,64,256,0.44694634278615314
matrix,64,64,512,0.333167831103007
matrix,128,128,1,0.999999980131785
matrix,128,128,2,0.9980050325393677
matrix,128,128,4,0.9862543741861979
matrix,128,128,8,0.9751362005869547
matrix,128,128,16,0.9483687877655029
matrix,128,128,32,0.9050124486287435
matrix,128,128,64,0.8187753359476725
matrix,128,128,128,0.7115942041079203
matrix,128,128,256,0.5774606466293335
matrix,128,128,512,0.4482934872309367
matrix,256,256,1,1.00000003973643
matrix,256,256,2,0.9991788864135742
matrix,256,256,4,0.9944311777750651
matrix,256,256,8,0.988816499710083
matrix,256,256,16,0.9726945360501608
matrix,256,256,32,0.9422155419985453
matrix,256,256,64,0.8995187481244405
matrix,256,256,128,0.8182138204574585
matrix,256,256,256,0.7082402308781942
matrix,256,256,512,0.578823447227478
matrix,512,512,1,1.0000000794728596
matrix,512,512,2,0.9997619191805521
matrix,512,512,4,0.9979051947593689
matrix,512,512,8,0.994322657585144
matrix,512,512,16,0.9858625531196594
matrix,512,512,32,0.9708968798319498
matrix,512,512,64,0.9428155024846395
matrix,512,512,128,0.8959370851516724
matrix,512,512,256,0.818707009156545
matrix,512,512,512,0.7080897291501363
hd_linear,64,16,1,1.00000003973643
hd_linear,64,16,2,0.7123642762502035
hd_linear,64,16,4,0.5118228197097778
hd_linear,64,16,8,0.341838260491689
hd_linear,64,16,16,0.2695661286513011
hd_linear,64,16,32,0.1669751058022181
hd_linear,64,16,64,0.12391659369071324
hd_linear,64,16,128,0.08007742961247762
hd_linear,64,16,256,0.061434182027975716
hd_linear,64,16,512,0.04357540234923363
hd_linear,64,64,1,1.0
hd_linear,64,64,2,0.7483920454978943
hd_linear,64,64,4,0.5012312134106954
hd_linear,64,64,8,0.36241981387138367
hd_linear,64,64,16,0.2560397833585739
hd_linear,64,64,32,0.17954944570859274
hd_linear,64,64,64,0.11922457565863927
hd_linear,64,64,128,0.08645860354105632
hd_linear,64,64,256,0.06210665156443914
hd_linear,64,64,512,0.042582044998804726
hd_linear,64,256,1,1.0000000794728596
hd_linear,64,256,2,0.7219604253768921
hd_linear,64,256,4,0.4911639094352722
hd_linear,64,256,8,0.3791838586330414
hd_linear,64,256,16,0.24973425269126892
hd_linear,64,256,32,0.1761298974355062
hd_linear,64,256,64,0.12787272284428278
hd_linear,64,256,128,0.09014868487914403
hd_linear,64,256,256,0.0646372598906358
hd_linear,64,256,512,0.04299035295844078
hd_linear,64,1024,1,1.0
hd_linear,64,1024,2,0.7503515481948853
hd_linear,64,1024,4,0.5079464515050253
hd_linear,64,1024,8,0.34146920839945477
hd_linear,64,1024,16,0.23726063470045725
hd_linear,64,1024,32,0.1796733339627584
hd_linear,64,1024,64,0.12941587467988333
hd_linear,64,1024,128,0.09516990929841995
hd_linear,64,1024,256,0.06778386731942494
hd_linear,64,1024,512,0.04570074503620466
