variant,seq_len,batch,ms_per_tok,tok_per_s,kv_MB,state_KB,oom
all_linear_0of4,32768,1,1.4273540625708847,700.5970180929361,0.0,66.0,False
all_linear_0of4,32768,4,1.0158026875615178,3937.7726097596656,0.0,264.0,False
all_linear_0of4,32768,16,0.9533725624351064,16782.52619220839,0.0,1056.0,False
all_linear_0of4,32768,64,0.987714000075357,64796.08469163863,0.0,4224.0,False
all_linear_0of4,32768,256,1.0568766249434702,242223.16395132008,0.0,16896.0,False
all_linear_0of4,131072,1,0.9851962499851652,1015.0261940350034,0.0,66.0,False
all_linear_0of4,131072,4,0.9940374375219108,4023.9933115314193,0.0,264.0,False
all_linear_0of4,131072,16,0.9850219375948654,16243.29305707374,0.0,1056.0,False
all_linear_0of4,131072,64,0.9837495624651638,65057.20809636075,0.0,4224.0,False
all_linear_0of4,131072,256,1.056541812431533,242299.9231907725,0.0,16896.0,False
all_linear_0of4,524288,1,1.0061215625682962,993.9156829591548,0.0,66.0,False
all_linear_0of4,524288,4,0.9905006249937288,4038.361914234356,0.0,264.0,False
all_linear_0of4,524288,16,0.9877495624550648,16198.437952462147,0.0,1056.0,False
all_linear_0of4,524288,64,0.9807343749344,65257.22115560687,0.0,4224.0,False
all_linear_0of4,524288,256,1.0380218125192189,246622.94848959183,0.0,16896.0,False
all_linear_0of4,1048576,1,0.9414140624812716,1062.231848719483,0.0,66.0,False
all_linear_0of4,1048576,4,0.942722875151958,4243.028471495654,0.0,264.0,False
all_linear_0of4,1048576,16,0.94847862487768,16869.120273599663,0.0,1056.0,False
all_linear_0of4,1048576,64,1.024568500042733,62465.32076413697,0.0,4224.0,False
all_linear_0of4,1048576,256,1.0412523749891989,245857.782559829,0.0,16896.0,False
hybrid_3of4,32768,1,1.4199727499999426,704.2388665557423,96.0498046875,16.5,False
hybrid_3of4,32768,4,0.9599390000403218,4166.931440260248,384.19921875,66.0,False
hybrid_3of4,32768,16,1.5870881875343912,10081.355356098187,1536.796875,264.0,False
hybrid_3of4,131072,1,0.9380698750192096,1066.018669429633,384.0498046875,16.5,False
hybrid_3of4,131072,4,1.6581947500071692,2412.2618890107487,1536.19921875,66.0,False
hybrid_3of4,131072,16,5.555579249858056,2879.9877169259707,6144.796875,264.0,False
hybrid_3of4,524288,1,2.8430304998892098,351.7373450756047,1536.0498046875,16.5,False
hybrid_3of4,524288,4,5.843954312467758,684.4680478535258,6144.19921875,66.0,False
hybrid_3of4,524288,16,22.685820437573057,705.2863723412108,24576.796875,264.0,False
hybrid_3of4,1048576,1,5.905310437583466,169.33910766750708,3072.0498046875,16.5,False
hybrid_3of4,1048576,4,11.59665218756345,344.9271337368989,12288.19921875,66.0,False
hybrid_3of4,1048576,16,45.66659374995652,350.3655229379843,49152.796875,264.0,False
all_attn_4of4,32768,1,1.8607366246214951,537.4215709885415,128.03515625,0.0,False
all_attn_4of4,32768,4,0.9801644996514368,4080.947638302007,512.140625,0.0,False
all_attn_4of4,32768,16,2.021282250098011,7915.76732998282,2048.5625,0.0,False
all_attn_4of4,32768,64,7.447515499734436,8593.469862839776,8194.25,0.0,False
all_attn_4of4,131072,1,1.1485313748380577,870.677128990925,512.03515625,0.0,False
all_attn_4of4,131072,4,2.119027999924583,1887.6579262484315,2048.140625,0.0,False
all_attn_4of4,131072,16,7.300540624783025,2191.6185146186385,8192.5625,0.0,False
all_attn_4of4,131072,64,30.57023212477361,2093.539876922801,32770.25,0.0,False
all_attn_4of4,524288,1,4.390093250094651,227.785594298809,2048.03515625,0.0,False
all_attn_4of4,524288,4,7.714561249940743,518.4999989507795,8192.140625,0.0,False
all_attn_4of4,524288,16,30.193279374998383,529.9192512771183,32768.5625,0.0,False
all_attn_4of4,524288,64,,,,,True
all_attn_4of4,1048576,1,8.511346749855875,117.49021974894085,4096.03515625,0.0,False
all_attn_4of4,1048576,4,16.432518499641446,243.41977768576857,16384.140625,0.0,False
all_attn_4of4,1048576,16,60.7398656247824,263.41842932019694,65536.5625,0.0,False
all_attn_4of4,1048576,64,,,,,True
