variant,batch,tok_per_s,ms_per_tok,kv_MB,state_KB
all-attn (4/4),1,140.2406332935998,7.130600999971648,4096.06640625,0.0
all-attn (4/4),4,260.61145719140325,15.348519374811076,4096.06640625,0.0
all-attn (4/4),16,263.3742902332252,60.75004506260484,4096.06640625,0.0
all-attn (4/4),64,,,,
all-attn (4/4),256,,,,
hybrid (3/4),1,185.24665319985337,5.398208187443743,3072.0498046875,16.5
hybrid (3/4),4,345.23531915988235,11.586300062617738,3072.0498046875,66.0
hybrid (3/4),16,350.1192333090693,45.69871768762823,3072.0498046875,264.0
hybrid (3/4),64,,,,
hybrid (3/4),256,,,,
all-linear (0/4),1,1052.6921780994717,0.9499453124135471,0.0,66.0
all-linear (0/4),4,4185.853463217834,0.9555996250583121,0.0,264.0
all-linear (0/4),16,16747.108390844343,0.9553888125992671,0.0,1056.0
all-linear (0/4),64,60870.43413412592,1.0514135624362098,0.0,4224.0
all-linear (0/4),256,244688.2020247498,1.0462294376338832,0.0,16896.0
